q,C,f_0_55_minus_C,pattern
0,0.3000000000,0.2500000000,L
1,0.6000000000,-0.0500000000,H
2,0.4000000000,0.1500000000,L
