q,S_loss,R_loss,Q_loss
0,1.0000000000,0.5000000000,1.0000000000
1,0.8750000000,0.4375000000,0.8750000000
2,0.7500000000,0.3750000000,0.7500000000
3,0.6250000000,0.3125000000,0.6250000000
4,0.5000000000,0.2500000000,0.5000000000
5,0.3750000000,0.1875000000,0.3750000000
6,0.2500000000,0.1250000000,0.2500000000
7,0.1250000000,0.0625000000,0.1250000000
8,0.0000000000,0.0000000000,0.0000000000
